D:\Final Year Project\CARLA_0.9.5\PythonAPI\examples\_out\img78255.png,1,0.024949973
D:\Final Year Project\CARLA_0.9.5\PythonAPI\examples\_out\img78256.png,1,0.02494801
D:\Final Year Project\CARLA_0.9.5\PythonAPI\examples\_out\img78257.png,1,0.024949973
D:\Final Year Project\CARLA_0.9.5\PythonAPI\examples\_out\img78258.png,1,0.024949973
D:\Final Year Project\CARLA_0.9.5\PythonAPI\examples\_out\img78259.png,1,0.024949973
D:\Final Year Project\CARLA_0.9.5\PythonAPI\examples\_out\img78260.png,1,0.024949973
D:\Final Year Project\CARLA_0.9.5\PythonAPI\examples\_out\img78261.png,1,0.02494801
D:\Final Year Project\CARLA_0.9.5\PythonAPI\examples\_out\img78262.png,1,0.02494801
D:\Final Year Project\CARLA_0.9.5\PythonAPI\examples\_out\img78264.png,1,0.02494801
D:\Final Year Project\CARLA_0.9.5\PythonAPI\examples\_out\img78274.png,1,0.022449493
D:\Final Year Project\CARLA_0.9.5\PythonAPI\examples\_out\img78280.png,1,0.022449493
D:\Final Year Project\CARLA_0.9.5\PythonAPI\examples\_out\img78281.png,1,0.022449493
D:\Final Year Project\CARLA_0.9.5\PythonAPI\examples\_out\img78282.png,1,0.022051783
D:\Final Year Project\CARLA_0.9.5\PythonAPI\examples\_out\img78283.png,1,0.022051783
D:\Final Year Project\CARLA_0.9.5\PythonAPI\examples\_out\img78284.png,1,0.022051783
D:\Final Year Project\CARLA_0.9.5\PythonAPI\examples\_out\img78285.png,1,0.022051783
D:\Final Year Project\CARLA_0.9.5\PythonAPI\examples\_out\img78287.png,1,0.01480375
D:\Final Year Project\CARLA_0.9.5\PythonAPI\examples\_out\img78288.png,1,-0.00250146
D:\Final Year Project\CARLA_0.9.5\PythonAPI\examples\_out\img78289.png,1,-0.00250146
D:\Final Year Project\CARLA_0.9.5\PythonAPI\examples\_out\img78300.png,1,-0.002373723
D:\Final Year Project\CARLA_0.9.5\PythonAPI\examples\_out\img78301.png,0.5,-0.002316829
D:\Final Year Project\CARLA_0.9.5\PythonAPI\examples\_out\img78302.png,0.5,-0.00849435
D:\Final Year Project\CARLA_0.9.5\PythonAPI\examples\_out\img78303.png,0.5,-0.00849435
D:\Final Year Project\CARLA_0.9.5\PythonAPI\examples\_out\img78305.png,0.5,-0.008019801
D:\Final Year Project\CARLA_0.9.5\PythonAPI\examples\_out\img78309.png,0.5,-0.007400513
D:\Final Year Project\CARLA_0.9.5\PythonAPI\examples\_out\img78314.png,0.5,-0.007890756
D:\Final Year Project\CARLA_0.9.5\PythonAPI\examples\_out\img78316.png,0.5,-0.006368474
D:\Final Year Project\CARLA_0.9.5\PythonAPI\examples\_out\img78317.png,0.5,-0.00610733
D:\Final Year Project\CARLA_0.9.5\PythonAPI\examples\_out\img78318.png,0.5,-0.005201503
D:\Final Year Project\CARLA_0.9.5\PythonAPI\examples\_out\img78321.png,0.5,-0.00832465
D:\Final Year Project\CARLA_0.9.5\PythonAPI\examples\_out\img78322.png,0.5,-0.007304383
D:\Final Year Project\CARLA_0.9.5\PythonAPI\examples\_out\img78330.png,0.5,-0.006001391
D:\Final Year Project\CARLA_0.9.5\PythonAPI\examples\_out\img78332.png,0.5,-0.019399371
D:\Final Year Project\CARLA_0.9.5\PythonAPI\examples\_out\img78339.png,0.5,-0.01640287
D:\Final Year Project\CARLA_0.9.5\PythonAPI\examples\_out\img78340.png,0.5,-0.01640287
D:\Final Year Project\CARLA_0.9.5\PythonAPI\examples\_out\img78341.png,0.5,-0.015177373
D:\Final Year Project\CARLA_0.9.5\PythonAPI\examples\_out\img78344.png,0.5,-0.038659777
D:\Final Year Project\CARLA_0.9.5\PythonAPI\examples\_out\img78345.png,0.5,-0.037644632
D:\Final Year Project\CARLA_0.9.5\PythonAPI\examples\_out\img78352.png,0.5,-0.034079526
D:\Final Year Project\CARLA_0.9.5\PythonAPI\examples\_out\img78364.png,0.5,-0.047096033
D:\Final Year Project\CARLA_0.9.5\PythonAPI\examples\_out\img78367.png,0.5,-0.041721124
D:\Final Year Project\CARLA_0.9.5\PythonAPI\examples\_out\img78368.png,0.5,-0.033997018
D:\Final Year Project\CARLA_0.9.5\PythonAPI\examples\_out\img78369.png,1,-0.032568794
D:\Final Year Project\CARLA_0.9.5\PythonAPI\examples\_out\img78370.png,1,-0.032568794
D:\Final Year Project\CARLA_0.9.5\PythonAPI\examples\_out\img78373.png,1,-0.058176097
D:\Final Year Project\CARLA_0.9.5\PythonAPI\examples\_out\img78374.png,1,-0.058176097
D:\Final Year Project\CARLA_0.9.5\PythonAPI\examples\_out\img78377.png,1,-0.058176097
D:\Final Year Project\CARLA_0.9.5\PythonAPI\examples\_out\img78379.png,0.5,-0.056880187
D:\Final Year Project\CARLA_0.9.5\PythonAPI\examples\_out\img78381.png,0.5,-0.053905923
D:\Final Year Project\CARLA_0.9.5\PythonAPI\examples\_out\img78391.png,0.5,-0.053905923
D:\Final Year Project\CARLA_0.9.5\PythonAPI\examples\_out\img78392.png,0.5,-0.045777459
D:\Final Year Project\CARLA_0.9.5\PythonAPI\examples\_out\img78395.png,0.5,-0.035264805
D:\Final Year Project\CARLA_0.9.5\PythonAPI\examples\_out\img78397.png,0.5,-0.03400857
D:\Final Year Project\CARLA_0.9.5\PythonAPI\examples\_out\img78398.png,0.5,-0.060258701
D:\Final Year Project\CARLA_0.9.5\PythonAPI\examples\_out\img78399.png,0.5,-0.056002043
D:\Final Year Project\CARLA_0.9.5\PythonAPI\examples\_out\img78401.png,1,-0.0541602
D:\Final Year Project\CARLA_0.9.5\PythonAPI\examples\_out\img78402.png,1,-0.0541602
D:\Final Year Project\CARLA_0.9.5\PythonAPI\examples\_out\img78403.png,0.5,-0.043807983
D:\Final Year Project\CARLA_0.9.5\PythonAPI\examples\_out\img78404.png,0.5,-0.043807983
D:\Final Year Project\CARLA_0.9.5\PythonAPI\examples\_out\img78405.png,0.5,-0.040808976
D:\Final Year Project\CARLA_0.9.5\PythonAPI\examples\_out\img78407.png,0.5,-0.039061628
D:\Final Year Project\CARLA_0.9.5\PythonAPI\examples\_out\img78408.png,0.5,-0.064032637
D:\Final Year Project\CARLA_0.9.5\PythonAPI\examples\_out\img78411.png,0.5,-0.055827115
D:\Final Year Project\CARLA_0.9.5\PythonAPI\examples\_out\img78412.png,0.5,-0.05582853
D:\Final Year Project\CARLA_0.9.5\PythonAPI\examples\_out\img78416.png,0.5,-0.043421391
D:\Final Year Project\CARLA_0.9.5\PythonAPI\examples\_out\img78424.png,0.5,-0.041795239
D:\Final Year Project\CARLA_0.9.5\PythonAPI\examples\_out\img78425.png,0.5,-0.041795239
D:\Final Year Project\CARLA_0.9.5\PythonAPI\examples\_out\img78427.png,0.5,-0.064389586
D:\Final Year Project\CARLA_0.9.5\PythonAPI\examples\_out\img78428.png,0.5,-0.06227199
D:\Final Year Project\CARLA_0.9.5\PythonAPI\examples\_out\img78430.png,0.5,-0.058023073
D:\Final Year Project\CARLA_0.9.5\PythonAPI\examples\_out\img78435.png,0.5,-0.0430324
D:\Final Year Project\CARLA_0.9.5\PythonAPI\examples\_out\img78438.png,0.5,-0.0430324
D:\Final Year Project\CARLA_0.9.5\PythonAPI\examples\_out\img78448.png,0.5,-0.045286886
D:\Final Year Project\CARLA_0.9.5\PythonAPI\examples\_out\img78450.png,0.5,-0.0420263
D:\Final Year Project\CARLA_0.9.5\PythonAPI\examples\_out\img78452.png,0.5,-0.0420263
D:\Final Year Project\CARLA_0.9.5\PythonAPI\examples\_out\img78453.png,0.5,-0.066701293
D:\Final Year Project\CARLA_0.9.5\PythonAPI\examples\_out\img78454.png,0.5,-0.061870031
D:\Final Year Project\CARLA_0.9.5\PythonAPI\examples\_out\img78456.png,0.5,-0.059770856
D:\Final Year Project\CARLA_0.9.5\PythonAPI\examples\_out\img78465.png,0.5,-0.055545371
D:\Final Year Project\CARLA_0.9.5\PythonAPI\examples\_out\img78473.png,0.5,-0.053755842
D:\Final Year Project\CARLA_0.9.5\PythonAPI\examples\_out\img78476.png,0.5,-0.049680438
D:\Final Year Project\CARLA_0.9.5\PythonAPI\examples\_out\img78477.png,1,-0.064953998
D:\Final Year Project\CARLA_0.9.5\PythonAPI\examples\_out\img78478.png,0.5,-0.058541924
D:\Final Year Project\CARLA_0.9.5\PythonAPI\examples\_out\img78480.png,0.5,-0.058541924
D:\Final Year Project\CARLA_0.9.5\PythonAPI\examples\_out\img78481.png,0.5,-0.05612902
D:\Final Year Project\CARLA_0.9.5\PythonAPI\examples\_out\img78483.png,0.5,-0.049590901
D:\Final Year Project\CARLA_0.9.5\PythonAPI\examples\_out\img78484.png,0.5,-0.054122217
D:\Final Year Project\CARLA_0.9.5\PythonAPI\examples\_out\img78485.png,0.5,-0.065744676
D:\Final Year Project\CARLA_0.9.5\PythonAPI\examples\_out\img78487.png,0.5,-0.061514664
D:\Final Year Project\CARLA_0.9.5\PythonAPI\examples\_out\img78490.png,0.5,-0.061514664
D:\Final Year Project\CARLA_0.9.5\PythonAPI\examples\_out\img78491.png,0.5,-0.061514664
D:\Final Year Project\CARLA_0.9.5\PythonAPI\examples\_out\img78492.png,0.5,-0.057307541
D:\Final Year Project\CARLA_0.9.5\PythonAPI\examples\_out\img78493.png,0.5,-0.047847204
D:\Final Year Project\CARLA_0.9.5\PythonAPI\examples\_out\img78496.png,0.5,-0.046191625
D:\Final Year Project\CARLA_0.9.5\PythonAPI\examples\_out\img78505.png,1,-0.055012129
D:\Final Year Project\CARLA_0.9.5\PythonAPI\examples\_out\img78511.png,1,-0.046607479
D:\Final Year Project\CARLA_0.9.5\PythonAPI\examples\_out\img78512.png,1,-0.067154638
D:\Final Year Project\CARLA_0.9.5\PythonAPI\examples\_out\img78513.png,1,-0.067154638
D:\Final Year Project\CARLA_0.9.5\PythonAPI\examples\_out\img78514.png,1,-0.059575655
D:\Final Year Project\CARLA_0.9.5\PythonAPI\examples\_out\img78515.png,1,-0.054666847
D:\Final Year Project\CARLA_0.9.5\PythonAPI\examples\_out\img78519.png,1,-0.044514302
D:\Final Year Project\CARLA_0.9.5\PythonAPI\examples\_out\img78521.png,1,-0.065147288
D:\Final Year Project\CARLA_0.9.5\PythonAPI\examples\_out\img78528.png,1,-0.065952249
D:\Final Year Project\CARLA_0.9.5\PythonAPI\examples\_out\img78530.png,1,-0.058694948
D:\Final Year Project\CARLA_0.9.5\PythonAPI\examples\_out\img78532.png,1,-0.058694948
D:\Final Year Project\CARLA_0.9.5\PythonAPI\examples\_out\img78533.png,1,-0.053954422
D:\Final Year Project\CARLA_0.9.5\PythonAPI\examples\_out\img78534.png,1,-0.044477243
D:\Final Year Project\CARLA_0.9.5\PythonAPI\examples\_out\img78536.png,1,-0.072779357
D:\Final Year Project\CARLA_0.9.5\PythonAPI\examples\_out\img78538.png,1,-0.055447716
D:\Final Year Project\CARLA_0.9.5\PythonAPI\examples\_out\img78540.png,1,-0.07503324
D:\Final Year Project\CARLA_0.9.5\PythonAPI\examples\_out\img78541.png,1,-0.070082419
D:\Final Year Project\CARLA_0.9.5\PythonAPI\examples\_out\img78553.png,1,-0.065688379
D:\Final Year Project\CARLA_0.9.5\PythonAPI\examples\_out\img78554.png,1,-0.060315594
D:\Final Year Project\CARLA_0.9.5\PythonAPI\examples\_out\img78555.png,1,0
D:\Final Year Project\CARLA_0.9.5\PythonAPI\examples\_out\img78558.png,1,-0.115267888
D:\Final Year Project\CARLA_0.9.5\PythonAPI\examples\_out\img78559.png,1,-0.124790162
D:\Final Year Project\CARLA_0.9.5\PythonAPI\examples\_out\img78564.png,1,-0.118628144
D:\Final Year Project\CARLA_0.9.5\PythonAPI\examples\_out\img78567.png,1,-0.066345349
D:\Final Year Project\CARLA_0.9.5\PythonAPI\examples\_out\img78572.png,1,-0.062440734
D:\Final Year Project\CARLA_0.9.5\PythonAPI\examples\_out\img78573.png,1,-0.074338205
D:\Final Year Project\CARLA_0.9.5\PythonAPI\examples\_out\img78574.png,1,-0.068784498
D:\Final Year Project\CARLA_0.9.5\PythonAPI\examples\_out\img78579.png,1,-0.0818097
D:\Final Year Project\CARLA_0.9.5\PythonAPI\examples\_out\img78580.png,1,-0.097390421
D:\Final Year Project\CARLA_0.9.5\PythonAPI\examples\_out\img78583.png,1,-0.087822795
D:\Final Year Project\CARLA_0.9.5\PythonAPI\examples\_out\img78585.png,1,-0.078215033
D:\Final Year Project\CARLA_0.9.5\PythonAPI\examples\_out\img78588.png,1,-0.071924821
D:\Final Year Project\CARLA_0.9.5\PythonAPI\examples\_out\img78595.png,1,-0.038076323
D:\Final Year Project\CARLA_0.9.5\PythonAPI\examples\_out\img78601.png,1,0.02208258
D:\Final Year Project\CARLA_0.9.5\PythonAPI\examples\_out\img78604.png,1,0.013498838
D:\Final Year Project\CARLA_0.9.5\PythonAPI\examples\_out\img78605.png,1,0.012310706
D:\Final Year Project\CARLA_0.9.5\PythonAPI\examples\_out\img78608.png,1,0.012310706
D:\Final Year Project\CARLA_0.9.5\PythonAPI\examples\_out\img78609.png,1,0.005319265
D:\Final Year Project\CARLA_0.9.5\PythonAPI\examples\_out\img78612.png,1,0.005319265
D:\Final Year Project\CARLA_0.9.5\PythonAPI\examples\_out\img78613.png,1,-0.007843111
D:\Final Year Project\CARLA_0.9.5\PythonAPI\examples\_out\img78616.png,1,-0.002010543
D:\Final Year Project\CARLA_0.9.5\PythonAPI\examples\_out\img78618.png,1,0.000410931
D:\Final Year Project\CARLA_0.9.5\PythonAPI\examples\_out\img78621.png,1,0.000410931
D:\Final Year Project\CARLA_0.9.5\PythonAPI\examples\_out\img78625.png,1,0.001404696
D:\Final Year Project\CARLA_0.9.5\PythonAPI\examples\_out\img78631.png,1,0
D:\Final Year Project\CARLA_0.9.5\PythonAPI\examples\_out\img78633.png,1,0.003250883
D:\Final Year Project\CARLA_0.9.5\PythonAPI\examples\_out\img78636.png,1,0.003490526
D:\Final Year Project\CARLA_0.9.5\PythonAPI\examples\_out\img78642.png,1,-0.001407308
D:\Final Year Project\CARLA_0.9.5\PythonAPI\examples\_out\img78644.png,1,-0.001407308
D:\Final Year Project\CARLA_0.9.5\PythonAPI\examples\_out\img78646.png,1,-0.00182453
D:\Final Year Project\CARLA_0.9.5\PythonAPI\examples\_out\img78647.png,1,7.83E-05
D:\Final Year Project\CARLA_0.9.5\PythonAPI\examples\_out\img78648.png,0.5,0.000141731
D:\Final Year Project\CARLA_0.9.5\PythonAPI\examples\_out\img78649.png,0.5,0.000410129
D:\Final Year Project\CARLA_0.9.5\PythonAPI\examples\_out\img78650.png,0.5,0.000672058
D:\Final Year Project\CARLA_0.9.5\PythonAPI\examples\_out\img78651.png,0.5,0.000464999
D:\Final Year Project\CARLA_0.9.5\PythonAPI\examples\_out\img78653.png,0.5,4.99E-06
D:\Final Year Project\CARLA_0.9.5\PythonAPI\examples\_out\img78654.png,0.5,-0.000239854
D:\Final Year Project\CARLA_0.9.5\PythonAPI\examples\_out\img78658.png,1,-0.000184655
D:\Final Year Project\CARLA_0.9.5\PythonAPI\examples\_out\img78659.png,1,-1.51E-05
D:\Final Year Project\CARLA_0.9.5\PythonAPI\examples\_out\img78665.png,1,2.53E-05
D:\Final Year Project\CARLA_0.9.5\PythonAPI\examples\_out\img78673.png,1,0.000197992
D:\Final Year Project\CARLA_0.9.5\PythonAPI\examples\_out\img78684.png,1,0.000197992
D:\Final Year Project\CARLA_0.9.5\PythonAPI\examples\_out\img78686.png,1,0.000202491
D:\Final Year Project\CARLA_0.9.5\PythonAPI\examples\_out\img78689.png,1,0.000202491
D:\Final Year Project\CARLA_0.9.5\PythonAPI\examples\_out\img78690.png,1,0.000179142
D:\Final Year Project\CARLA_0.9.5\PythonAPI\examples\_out\img78697.png,1,-5.24E-05
D:\Final Year Project\CARLA_0.9.5\PythonAPI\examples\_out\img78699.png,1,-0.000158235
D:\Final Year Project\CARLA_0.9.5\PythonAPI\examples\_out\img78700.png,0.5,-0.000233021
D:\Final Year Project\CARLA_0.9.5\PythonAPI\examples\_out\img78704.png,0.5,-0.000187431
D:\Final Year Project\CARLA_0.9.5\PythonAPI\examples\_out\img78705.png,0.5,-0.000108247
D:\Final Year Project\CARLA_0.9.5\PythonAPI\examples\_out\img78706.png,0.5,-8.60E-05
D:\Final Year Project\CARLA_0.9.5\PythonAPI\examples\_out\img78707.png,0.5,-8.60E-05
D:\Final Year Project\CARLA_0.9.5\PythonAPI\examples\_out\img78708.png,0.5,-1.96E-05
D:\Final Year Project\CARLA_0.9.5\PythonAPI\examples\_out\img78709.png,1,0.000164478
D:\Final Year Project\CARLA_0.9.5\PythonAPI\examples\_out\img78714.png,1,0.000139636
D:\Final Year Project\CARLA_0.9.5\PythonAPI\examples\_out\img78716.png,1,6.28E-05
D:\Final Year Project\CARLA_0.9.5\PythonAPI\examples\_out\img78718.png,1,-3.33E-05
D:\Final Year Project\CARLA_0.9.5\PythonAPI\examples\_out\img78720.png,1,-6.16E-05
D:\Final Year Project\CARLA_0.9.5\PythonAPI\examples\_out\img78722.png,1,-4.57E-05
D:\Final Year Project\CARLA_0.9.5\PythonAPI\examples\_out\img78724.png,1,-5.80E-05
D:\Final Year Project\CARLA_0.9.5\PythonAPI\examples\_out\img78727.png,1,-7.87E-05
D:\Final Year Project\CARLA_0.9.5\PythonAPI\examples\_out\img78728.png,1,-0.000123935
D:\Final Year Project\CARLA_0.9.5\PythonAPI\examples\_out\img78730.png,1,-0.000123935
D:\Final Year Project\CARLA_0.9.5\PythonAPI\examples\_out\img78738.png,0.5,-0.00013593
D:\Final Year Project\CARLA_0.9.5\PythonAPI\examples\_out\img78740.png,0.5,-4.66E-05
D:\Final Year Project\CARLA_0.9.5\PythonAPI\examples\_out\img78744.png,0.5,5.24E-06
D:\Final Year Project\CARLA_0.9.5\PythonAPI\examples\_out\img78747.png,0.5,6.00E-05
D:\Final Year Project\CARLA_0.9.5\PythonAPI\examples\_out\img78750.png,0.5,5.13E-05
D:\Final Year Project\CARLA_0.9.5\PythonAPI\examples\_out\img78751.png,1,5.00E-05
D:\Final Year Project\CARLA_0.9.5\PythonAPI\examples\_out\img78753.png,1,2.32E-05
D:\Final Year Project\CARLA_0.9.5\PythonAPI\examples\_out\img78754.png,1,1.73E-05
D:\Final Year Project\CARLA_0.9.5\PythonAPI\examples\_out\img78755.png,0.5,-8.06E-05
D:\Final Year Project\CARLA_0.9.5\PythonAPI\examples\_out\img78756.png,0.5,-8.06E-05
D:\Final Year Project\CARLA_0.9.5\PythonAPI\examples\_out\img78764.png,0.5,-8.06E-05
D:\Final Year Project\CARLA_0.9.5\PythonAPI\examples\_out\img78773.png,0.5,-8.06E-05
D:\Final Year Project\CARLA_0.9.5\PythonAPI\examples\_out\img78776.png,0.5,-8.46E-05
D:\Final Year Project\CARLA_0.9.5\PythonAPI\examples\_out\img78778.png,0.5,-8.46E-05
D:\Final Year Project\CARLA_0.9.5\PythonAPI\examples\_out\img78779.png,0.5,-8.46E-05
D:\Final Year Project\CARLA_0.9.5\PythonAPI\examples\_out\img78781.png,0.5,-8.64E-05
D:\Final Year Project\CARLA_0.9.5\PythonAPI\examples\_out\img78783.png,0.5,-2.59E-05
D:\Final Year Project\CARLA_0.9.5\PythonAPI\examples\_out\img78784.png,0.5,-8.36E-06
D:\Final Year Project\CARLA_0.9.5\PythonAPI\examples\_out\img78788.png,1,2.39E-05
D:\Final Year Project\CARLA_0.9.5\PythonAPI\examples\_out\img78789.png,1,2.49E-05
D:\Final Year Project\CARLA_0.9.5\PythonAPI\examples\_out\img78790.png,1,3.93E-05
D:\Final Year Project\CARLA_0.9.5\PythonAPI\examples\_out\img78791.png,1,7.99E-05
D:\Final Year Project\CARLA_0.9.5\PythonAPI\examples\_out\img78792.png,1,9.61E-05
D:\Final Year Project\CARLA_0.9.5\PythonAPI\examples\_out\img78793.png,1,8.98E-05
D:\Final Year Project\CARLA_0.9.5\PythonAPI\examples\_out\img78794.png,1,8.98E-05
D:\Final Year Project\CARLA_0.9.5\PythonAPI\examples\_out\img78795.png,1,8.98E-05
D:\Final Year Project\CARLA_0.9.5\PythonAPI\examples\_out\img78796.png,1,-6.22E-05
D:\Final Year Project\CARLA_0.9.5\PythonAPI\examples\_out\img78806.png,1,-0.000179622
D:\Final Year Project\CARLA_0.9.5\PythonAPI\examples\_out\img78807.png,0.5,-0.000179232
D:\Final Year Project\CARLA_0.9.5\PythonAPI\examples\_out\img78812.png,0.5,-0.000189937
D:\Final Year Project\CARLA_0.9.5\PythonAPI\examples\_out\img78814.png,0.5,-0.000131349
D:\Final Year Project\CARLA_0.9.5\PythonAPI\examples\_out\img78816.png,0.5,-0.000131349
D:\Final Year Project\CARLA_0.9.5\PythonAPI\examples\_out\img78819.png,0.5,-2.40E-05
D:\Final Year Project\CARLA_0.9.5\PythonAPI\examples\_out\img78820.png,0.5,2.06E-05
D:\Final Year Project\CARLA_0.9.5\PythonAPI\examples\_out\img78822.png,0.5,8.54E-05
D:\Final Year Project\CARLA_0.9.5\PythonAPI\examples\_out\img78824.png,1,0.000122257
D:\Final Year Project\CARLA_0.9.5\PythonAPI\examples\_out\img78826.png,1,8.79E-05
D:\Final Year Project\CARLA_0.9.5\PythonAPI\examples\_out\img78831.png,1,-2.05E-05
D:\Final Year Project\CARLA_0.9.5\PythonAPI\examples\_out\img78842.png,1,-3.48E-05
D:\Final Year Project\CARLA_0.9.5\PythonAPI\examples\_out\img78843.png,1,-0.00415262
D:\Final Year Project\CARLA_0.9.5\PythonAPI\examples\_out\img78844.png,1,-0.013202365
D:\Final Year Project\CARLA_0.9.5\PythonAPI\examples\_out\img78845.png,1,-0.015621298
D:\Final Year Project\CARLA_0.9.5\PythonAPI\examples\_out\img78848.png,1,-0.026660319
D:\Final Year Project\CARLA_0.9.5\PythonAPI\examples\_out\img78852.png,1,-0.026660319
D:\Final Year Project\CARLA_0.9.5\PythonAPI\examples\_out\img78853.png,1,-0.030192614
D:\Final Year Project\CARLA_0.9.5\PythonAPI\examples\_out\img78855.png,1,-0.04168633
D:\Final Year Project\CARLA_0.9.5\PythonAPI\examples\_out\img78856.png,0.5,-0.049950104
D:\Final Year Project\CARLA_0.9.5\PythonAPI\examples\_out\img78860.png,0.5,-0.042256411
D:\Final Year Project\CARLA_0.9.5\PythonAPI\examples\_out\img78866.png,0.5,-0.045786239
D:\Final Year Project\CARLA_0.9.5\PythonAPI\examples\_out\img78867.png,0.5,-0.045786239
D:\Final Year Project\CARLA_0.9.5\PythonAPI\examples\_out\img78868.png,0.5,-0.024844974
D:\Final Year Project\CARLA_0.9.5\PythonAPI\examples\_out\img78870.png,0.5,-0.01746916
D:\Final Year Project\CARLA_0.9.5\PythonAPI\examples\_out\img78871.png,0.5,-0.020100594
D:\Final Year Project\CARLA_0.9.5\PythonAPI\examples\_out\img78873.png,1,-0.016831847
D:\Final Year Project\CARLA_0.9.5\PythonAPI\examples\_out\img78876.png,1,-0.02198256
D:\Final Year Project\CARLA_0.9.5\PythonAPI\examples\_out\img78877.png,1,-0.024457047
D:\Final Year Project\CARLA_0.9.5\PythonAPI\examples\_out\img78878.png,1,-0.029588141
D:\Final Year Project\CARLA_0.9.5\PythonAPI\examples\_out\img78879.png,0.5,-0.028313786
D:\Final Year Project\CARLA_0.9.5\PythonAPI\examples\_out\img78884.png,0.5,-0.035279848
D:\Final Year Project\CARLA_0.9.5\PythonAPI\examples\_out\img78887.png,0.5,-0.036552455
D:\Final Year Project\CARLA_0.9.5\PythonAPI\examples\_out\img78888.png,0.5,-0.040856525
D:\Final Year Project\CARLA_0.9.5\PythonAPI\examples\_out\img78889.png,1,-0.026218414
D:\Final Year Project\CARLA_0.9.5\PythonAPI\examples\_out\img78890.png,1,-0.026170213
D:\Final Year Project\CARLA_0.9.5\PythonAPI\examples\_out\img78895.png,1,-0.026170213
D:\Final Year Project\CARLA_0.9.5\PythonAPI\examples\_out\img78898.png,1,-0.02418063
D:\Final Year Project\CARLA_0.9.5\PythonAPI\examples\_out\img78899.png,1,-0.025192669
D:\Final Year Project\CARLA_0.9.5\PythonAPI\examples\_out\img78904.png,1,-0.024533654
D:\Final Year Project\CARLA_0.9.5\PythonAPI\examples\_out\img78907.png,1,-0.025509724
D:\Final Year Project\CARLA_0.9.5\PythonAPI\examples\_out\img78908.png,1,-0.029307256
D:\Final Year Project\CARLA_0.9.5\PythonAPI\examples\_out\img78919.png,1,-0.026769802
D:\Final Year Project\CARLA_0.9.5\PythonAPI\examples\_out\img78920.png,1,-0.028697178
D:\Final Year Project\CARLA_0.9.5\PythonAPI\examples\_out\img78921.png,1,-0.028697178
D:\Final Year Project\CARLA_0.9.5\PythonAPI\examples\_out\img78922.png,1,-0.036928121
D:\Final Year Project\CARLA_0.9.5\PythonAPI\examples\_out\img78924.png,1,-0.04780573
D:\Final Year Project\CARLA_0.9.5\PythonAPI\examples\_out\img78928.png,1,-0.050791658
D:\Final Year Project\CARLA_0.9.5\PythonAPI\examples\_out\img78929.png,0.5,-0.072238266
D:\Final Year Project\CARLA_0.9.5\PythonAPI\examples\_out\img78934.png,0.5,-0.078125164
D:\Final Year Project\CARLA_0.9.5\PythonAPI\examples\_out\img78938.png,0.5,-0.074314609
D:\Final Year Project\CARLA_0.9.5\PythonAPI\examples\_out\img78940.png,0.5,-0.064825654
D:\Final Year Project\CARLA_0.9.5\PythonAPI\examples\_out\img78943.png,1,-0.067303687
D:\Final Year Project\CARLA_0.9.5\PythonAPI\examples\_out\img78944.png,1,-0.056217793
D:\Final Year Project\CARLA_0.9.5\PythonAPI\examples\_out\img78947.png,1,-0.061714172
D:\Final Year Project\CARLA_0.9.5\PythonAPI\examples\_out\img78950.png,1,-0.043779429
D:\Final Year Project\CARLA_0.9.5\PythonAPI\examples\_out\img78962.png,1,-0.040586308
D:\Final Year Project\CARLA_0.9.5\PythonAPI\examples\_out\img78964.png,1,-0.040586308
D:\Final Year Project\CARLA_0.9.5\PythonAPI\examples\_out\img78965.png,1,-0.040586308
D:\Final Year Project\CARLA_0.9.5\PythonAPI\examples\_out\img78966.png,1,-0.040586308
D:\Final Year Project\CARLA_0.9.5\PythonAPI\examples\_out\img78967.png,1,-0.040586308
D:\Final Year Project\CARLA_0.9.5\PythonAPI\examples\_out\img78968.png,1,-0.040586308
D:\Final Year Project\CARLA_0.9.5\PythonAPI\examples\_out\img78969.png,0,-0.055879213
D:\Final Year Project\CARLA_0.9.5\PythonAPI\examples\_out\img78979.png,0,-0.056050655
D:\Final Year Project\CARLA_0.9.5\PythonAPI\examples\_out\img78980.png,0,-0.0560112
D:\Final Year Project\CARLA_0.9.5\PythonAPI\examples\_out\img78981.png,0,-0.044287544
D:\Final Year Project\CARLA_0.9.5\PythonAPI\examples\_out\img78982.png,0,-0.044287544
D:\Final Year Project\CARLA_0.9.5\PythonAPI\examples\_out\img78983.png,0,-0.03249697
D:\Final Year Project\CARLA_0.9.5\PythonAPI\examples\_out\img78984.png,0,-0.03249697
D:\Final Year Project\CARLA_0.9.5\PythonAPI\examples\_out\img78985.png,0.5,-0.019263458
D:\Final Year Project\CARLA_0.9.5\PythonAPI\examples\_out\img78988.png,0.5,-0.018356869
D:\Final Year Project\CARLA_0.9.5\PythonAPI\examples\_out\img78989.png,0.5,-0.036038645
D:\Final Year Project\CARLA_0.9.5\PythonAPI\examples\_out\img78990.png,0.5,-0.035956465
D:\Final Year Project\CARLA_0.9.5\PythonAPI\examples\_out\img78991.png,0.5,-0.035956465
D:\Final Year Project\CARLA_0.9.5\PythonAPI\examples\_out\img78999.png,0.5,-0.044743564
D:\Final Year Project\CARLA_0.9.5\PythonAPI\examples\_out\img79000.png,0.5,-0.050415803
D:\Final Year Project\CARLA_0.9.5\PythonAPI\examples\_out\img79003.png,0.5,-0.0562209
D:\Final Year Project\CARLA_0.9.5\PythonAPI\examples\_out\img79005.png,0.5,-0.038803101
D:\Final Year Project\CARLA_0.9.5\PythonAPI\examples\_out\img79011.png,0.5,-0.036125291
D:\Final Year Project\CARLA_0.9.5\PythonAPI\examples\_out\img79012.png,0.5,-0.019767325
D:\Final Year Project\CARLA_0.9.5\PythonAPI\examples\_out\img79013.png,0.5,-0.012805612
D:\Final Year Project\CARLA_0.9.5\PythonAPI\examples\_out\img79014.png,0.5,-0.001140159
D:\Final Year Project\CARLA_0.9.5\PythonAPI\examples\_out\img79017.png,0.5,0.006825147
D:\Final Year Project\CARLA_0.9.5\PythonAPI\examples\_out\img79021.png,0.5,0.007326834
D:\Final Year Project\CARLA_0.9.5\PythonAPI\examples\_out\img79022.png,0.5,0.007489559
D:\Final Year Project\CARLA_0.9.5\PythonAPI\examples\_out\img79027.png,0.5,0.007051195
D:\Final Year Project\CARLA_0.9.5\PythonAPI\examples\_out\img79028.png,0.5,0.00201852
D:\Final Year Project\CARLA_0.9.5\PythonAPI\examples\_out\img79030.png,1,0.001200322
D:\Final Year Project\CARLA_0.9.5\PythonAPI\examples\_out\img79031.png,1,0.001200322
D:\Final Year Project\CARLA_0.9.5\PythonAPI\examples\_out\img79033.png,0.5,-0.000343977
D:\Final Year Project\CARLA_0.9.5\PythonAPI\examples\_out\img79038.png,0.5,-0.000906699
D:\Final Year Project\CARLA_0.9.5\PythonAPI\examples\_out\img79039.png,0.5,-0.00095847
D:\Final Year Project\CARLA_0.9.5\PythonAPI\examples\_out\img79040.png,0.5,-0.000893402
D:\Final Year Project\CARLA_0.9.5\PythonAPI\examples\_out\img79041.png,0.5,-0.000685883
D:\Final Year Project\CARLA_0.9.5\PythonAPI\examples\_out\img79049.png,0.5,-0.000685883
D:\Final Year Project\CARLA_0.9.5\PythonAPI\examples\_out\img79051.png,0.5,-0.000685883
D:\Final Year Project\CARLA_0.9.5\PythonAPI\examples\_out\img79052.png,0.5,-0.000685883
D:\Final Year Project\CARLA_0.9.5\PythonAPI\examples\_out\img79055.png,0.5,-0.000598689
D:\Final Year Project\CARLA_0.9.5\PythonAPI\examples\_out\img79057.png,0,-0.000278909
D:\Final Year Project\CARLA_0.9.5\PythonAPI\examples\_out\img79061.png,0,0.000381906
D:\Final Year Project\CARLA_0.9.5\PythonAPI\examples\_out\img79064.png,0,0.000738634
D:\Final Year Project\CARLA_0.9.5\PythonAPI\examples\_out\img79065.png,0,0.000731441
D:\Final Year Project\CARLA_0.9.5\PythonAPI\examples\_out\img79066.png,0.5,0.000728498
D:\Final Year Project\CARLA_0.9.5\PythonAPI\examples\_out\img79067.png,0.5,0.000730242
D:\Final Year Project\CARLA_0.9.5\PythonAPI\examples\_out\img79068.png,0.5,0.00070452
D:\Final Year Project\CARLA_0.9.5\PythonAPI\examples\_out\img79069.png,0.5,0.000677272
D:\Final Year Project\CARLA_0.9.5\PythonAPI\examples\_out\img79070.png,0.5,0.000333078
D:\Final Year Project\CARLA_0.9.5\PythonAPI\examples\_out\img79071.png,0.5,0.000266593
D:\Final Year Project\CARLA_0.9.5\PythonAPI\examples\_out\img79075.png,0.5,0.000276402
D:\Final Year Project\CARLA_0.9.5\PythonAPI\examples\_out\img79077.png,0.5,0.000124904
D:\Final Year Project\CARLA_0.9.5\PythonAPI\examples\_out\img79079.png,0.5,9.83E-05
D:\Final Year Project\CARLA_0.9.5\PythonAPI\examples\_out\img79080.png,0.5,9.00E-05
D:\Final Year Project\CARLA_0.9.5\PythonAPI\examples\_out\img79082.png,0.5,2.11E-05
D:\Final Year Project\CARLA_0.9.5\PythonAPI\examples\_out\img79086.png,0.5,2.11E-05
D:\Final Year Project\CARLA_0.9.5\PythonAPI\examples\_out\img79089.png,0.5,7.74E-06
D:\Final Year Project\CARLA_0.9.5\PythonAPI\examples\_out\img79093.png,0.5,-2.16E-05
D:\Final Year Project\CARLA_0.9.5\PythonAPI\examples\_out\img79098.png,0.5,-2.16E-05
D:\Final Year Project\CARLA_0.9.5\PythonAPI\examples\_out\img79100.png,0.5,-3.55E-05
D:\Final Year Project\CARLA_0.9.5\PythonAPI\examples\_out\img79102.png,0.5,-4.19E-05
D:\Final Year Project\CARLA_0.9.5\PythonAPI\examples\_out\img79106.png,0.5,-4.00E-05
D:\Final Year Project\CARLA_0.9.5\PythonAPI\examples\_out\img79108.png,0.5,-4.04E-05
D:\Final Year Project\CARLA_0.9.5\PythonAPI\examples\_out\img79109.png,0.5,-3.32E-05
D:\Final Year Project\CARLA_0.9.5\PythonAPI\examples\_out\img79117.png,0.5,-3.85E-05
D:\Final Year Project\CARLA_0.9.5\PythonAPI\examples\_out\img79120.png,0.5,-4.16E-05
D:\Final Year Project\CARLA_0.9.5\PythonAPI\examples\_out\img79122.png,0.5,-4.16E-05
D:\Final Year Project\CARLA_0.9.5\PythonAPI\examples\_out\img79123.png,0.5,-4.16E-05
D:\Final Year Project\CARLA_0.9.5\PythonAPI\examples\_out\img79124.png,0.5,-4.16E-05
D:\Final Year Project\CARLA_0.9.5\PythonAPI\examples\_out\img79129.png,0.5,-4.16E-05
D:\Final Year Project\CARLA_0.9.5\PythonAPI\examples\_out\img79130.png,0.5,-3.65E-05
D:\Final Year Project\CARLA_0.9.5\PythonAPI\examples\_out\img79133.png,0.5,-3.93E-05
D:\Final Year Project\CARLA_0.9.5\PythonAPI\examples\_out\img79137.png,0.5,0.000146811
D:\Final Year Project\CARLA_0.9.5\PythonAPI\examples\_out\img79138.png,0.5,0.000192152
D:\Final Year Project\CARLA_0.9.5\PythonAPI\examples\_out\img79139.png,0.5,0.00015237
D:\Final Year Project\CARLA_0.9.5\PythonAPI\examples\_out\img79140.png,0.5,0.00015237
D:\Final Year Project\CARLA_0.9.5\PythonAPI\examples\_out\img79141.png,1,0.000147138
D:\Final Year Project\CARLA_0.9.5\PythonAPI\examples\_out\img79142.png,1,0.000135694
D:\Final Year Project\CARLA_0.9.5\PythonAPI\examples\_out\img79143.png,1,0.000135694
D:\Final Year Project\CARLA_0.9.5\PythonAPI\examples\_out\img79144.png,0.5,4.05E-05
D:\Final Year Project\CARLA_0.9.5\PythonAPI\examples\_out\img79152.png,0.5,3.71E-06
D:\Final Year Project\CARLA_0.9.5\PythonAPI\examples\_out\img79156.png,0.5,2.28E-05
D:\Final Year Project\CARLA_0.9.5\PythonAPI\examples\_out\img79159.png,0.5,2.28E-05
D:\Final Year Project\CARLA_0.9.5\PythonAPI\examples\_out\img79160.png,0.5,2.28E-05
D:\Final Year Project\CARLA_0.9.5\PythonAPI\examples\_out\img79161.png,0.5,2.09E-05
D:\Final Year Project\CARLA_0.9.5\PythonAPI\examples\_out\img79163.png,0.5,7.30E-06
D:\Final Year Project\CARLA_0.9.5\PythonAPI\examples\_out\img79167.png,0.5,-0.000321197
D:\Final Year Project\CARLA_0.9.5\PythonAPI\examples\_out\img79172.png,0.5,-0.000235203
D:\Final Year Project\CARLA_0.9.5\PythonAPI\examples\_out\img79175.png,1,0.000119346
D:\Final Year Project\CARLA_0.9.5\PythonAPI\examples\_out\img79178.png,0.5,0.000118692
D:\Final Year Project\CARLA_0.9.5\PythonAPI\examples\_out\img79179.png,0.5,0.000129373
D:\Final Year Project\CARLA_0.9.5\PythonAPI\examples\_out\img79180.png,0.5,0.000129373
D:\Final Year Project\CARLA_0.9.5\PythonAPI\examples\_out\img79181.png,0.5,0.000168828
D:\Final Year Project\CARLA_0.9.5\PythonAPI\examples\_out\img79185.png,0.5,0.00016425
D:\Final Year Project\CARLA_0.9.5\PythonAPI\examples\_out\img79189.png,0,0.000169482
D:\Final Year Project\CARLA_0.9.5\PythonAPI\examples\_out\img79192.png,0,0.000210898
D:\Final Year Project\CARLA_0.9.5\PythonAPI\examples\_out\img79197.png,0,0.000246538
D:\Final Year Project\CARLA_0.9.5\PythonAPI\examples\_out\img79198.png,0,0.000264522
D:\Final Year Project\CARLA_0.9.5\PythonAPI\examples\_out\img79199.png,0,0.000264522
D:\Final Year Project\CARLA_0.9.5\PythonAPI\examples\_out\img79200.png,0,0.000271497
D:\Final Year Project\CARLA_0.9.5\PythonAPI\examples\_out\img79201.png,0,0.000302015
D:\Final Year Project\CARLA_0.9.5\PythonAPI\examples\_out\img79202.png,0,0.000302015
D:\Final Year Project\CARLA_0.9.5\PythonAPI\examples\_out\img79204.png,0,0.000298745
D:\Final Year Project\CARLA_0.9.5\PythonAPI\examples\_out\img79212.png,0,0.000308663
D:\Final Year Project\CARLA_0.9.5\PythonAPI\examples\_out\img79220.png,0,0.000299944
D:\Final Year Project\CARLA_0.9.5\PythonAPI\examples\_out\img79225.png,0,0.000299726
D:\Final Year Project\CARLA_0.9.5\PythonAPI\examples\_out\img79230.png,0,0.00029929
D:\Final Year Project\CARLA_0.9.5\PythonAPI\examples\_out\img79233.png,0,0.000299944
D:\Final Year Project\CARLA_0.9.5\PythonAPI\examples\_out\img79234.png,0,0.000299944
D:\Final Year Project\CARLA_0.9.5\PythonAPI\examples\_out\img79236.png,0,0.000299835
D:\Final Year Project\CARLA_0.9.5\PythonAPI\examples\_out\img79239.png,0,0.000299399
D:\Final Year Project\CARLA_0.9.5\PythonAPI\examples\_out\img79240.png,0,0.000299944
D:\Final Year Project\CARLA_0.9.5\PythonAPI\examples\_out\img79242.png,0,0.000299835
D:\Final Year Project\CARLA_0.9.5\PythonAPI\examples\_out\img79250.png,0,0.000300162
D:\Final Year Project\CARLA_0.9.5\PythonAPI\examples\_out\img79256.png,0,0.000300053
D:\Final Year Project\CARLA_0.9.5\PythonAPI\examples\_out\img79257.png,0,0.000300053
D:\Final Year Project\CARLA_0.9.5\PythonAPI\examples\_out\img79259.png,0,0.000300162
D:\Final Year Project\CARLA_0.9.5\PythonAPI\examples\_out\img79262.png,0,0.000300053
D:\Final Year Project\CARLA_0.9.5\PythonAPI\examples\_out\img79266.png,0,0.000300053
D:\Final Year Project\CARLA_0.9.5\PythonAPI\examples\_out\img79268.png,0,0.000300053
D:\Final Year Project\CARLA_0.9.5\PythonAPI\examples\_out\img79273.png,0,0.000300053
D:\Final Year Project\CARLA_0.9.5\PythonAPI\examples\_out\img79274.png,0,0.000300053
D:\Final Year Project\CARLA_0.9.5\PythonAPI\examples\_out\img79275.png,0,0.000300271
D:\Final Year Project\CARLA_0.9.5\PythonAPI\examples\_out\img79286.png,0,0.000300271
D:\Final Year Project\CARLA_0.9.5\PythonAPI\examples\_out\img79290.png,0,0.000300271
D:\Final Year Project\CARLA_0.9.5\PythonAPI\examples\_out\img79291.png,0,0.000300271
D:\Final Year Project\CARLA_0.9.5\PythonAPI\examples\_out\img79296.png,0,0.000300271
D:\Final Year Project\CARLA_0.9.5\PythonAPI\examples\_out\img79297.png,0,0.000300271
D:\Final Year Project\CARLA_0.9.5\PythonAPI\examples\_out\img79299.png,0,0.000300271
D:\Final Year Project\CARLA_0.9.5\PythonAPI\examples\_out\img79303.png,0,0.000300271
D:\Final Year Project\CARLA_0.9.5\PythonAPI\examples\_out\img79310.png,0,0.000300271
D:\Final Year Project\CARLA_0.9.5\PythonAPI\examples\_out\img79316.png,0,0.000300271
D:\Final Year Project\CARLA_0.9.5\PythonAPI\examples\_out\img79318.png,0,0.000300271
D:\Final Year Project\CARLA_0.9.5\PythonAPI\examples\_out\img79322.png,0,0.000300271
D:\Final Year Project\CARLA_0.9.5\PythonAPI\examples\_out\img79323.png,0,0.000300271
D:\Final Year Project\CARLA_0.9.5\PythonAPI\examples\_out\img79325.png,0,0.000300271
D:\Final Year Project\CARLA_0.9.5\PythonAPI\examples\_out\img79326.png,0,0.000300271
D:\Final Year Project\CARLA_0.9.5\PythonAPI\examples\_out\img79327.png,0,0.000300271
D:\Final Year Project\CARLA_0.9.5\PythonAPI\examples\_out\img79328.png,0,0.000300271
D:\Final Year Project\CARLA_0.9.5\PythonAPI\examples\_out\img79330.png,0,0.000300271
D:\Final Year Project\CARLA_0.9.5\PythonAPI\examples\_out\img79331.png,0,0.000300271
D:\Final Year Project\CARLA_0.9.5\PythonAPI\examples\_out\img79332.png,0,0.000300271
D:\Final Year Project\CARLA_0.9.5\PythonAPI\examples\_out\img79333.png,0,0.000300271
D:\Final Year Project\CARLA_0.9.5\PythonAPI\examples\_out\img79334.png,0,0.000300271
D:\Final Year Project\CARLA_0.9.5\PythonAPI\examples\_out\img79343.png,0,0.000300271
D:\Final Year Project\CARLA_0.9.5\PythonAPI\examples\_out\img79345.png,0,0.000300271
D:\Final Year Project\CARLA_0.9.5\PythonAPI\examples\_out\img79351.png,0,0.000300271
D:\Final Year Project\CARLA_0.9.5\PythonAPI\examples\_out\img79354.png,0,0.000300271
D:\Final Year Project\CARLA_0.9.5\PythonAPI\examples\_out\img79355.png,0,0.000300271
D:\Final Year Project\CARLA_0.9.5\PythonAPI\examples\_out\img79356.png,0,0.000300271
D:\Final Year Project\CARLA_0.9.5\PythonAPI\examples\_out\img79357.png,0,0.000300271
D:\Final Year Project\CARLA_0.9.5\PythonAPI\examples\_out\img79358.png,0,0.000300271
D:\Final Year Project\CARLA_0.9.5\PythonAPI\examples\_out\img79362.png,0,0.000300271
D:\Final Year Project\CARLA_0.9.5\PythonAPI\examples\_out\img79363.png,0,0.000300271
D:\Final Year Project\CARLA_0.9.5\PythonAPI\examples\_out\img79368.png,0,0.000300271
D:\Final Year Project\CARLA_0.9.5\PythonAPI\examples\_out\img79369.png,0,0.000300271
D:\Final Year Project\CARLA_0.9.5\PythonAPI\examples\_out\img79376.png,0,0.000300271
D:\Final Year Project\CARLA_0.9.5\PythonAPI\examples\_out\img79378.png,0,0.000300271
D:\Final Year Project\CARLA_0.9.5\PythonAPI\examples\_out\img79380.png,0,0.000300271
D:\Final Year Project\CARLA_0.9.5\PythonAPI\examples\_out\img79387.png,0,0.000300271
D:\Final Year Project\CARLA_0.9.5\PythonAPI\examples\_out\img79388.png,0,0.000300271
D:\Final Year Project\CARLA_0.9.5\PythonAPI\examples\_out\img79389.png,0,0.000300271
D:\Final Year Project\CARLA_0.9.5\PythonAPI\examples\_out\img79394.png,0,0.000300271
D:\Final Year Project\CARLA_0.9.5\PythonAPI\examples\_out\img79395.png,0,0.000300271
D:\Final Year Project\CARLA_0.9.5\PythonAPI\examples\_out\img79396.png,0,0.000300271
D:\Final Year Project\CARLA_0.9.5\PythonAPI\examples\_out\img79397.png,0,0.000300271
D:\Final Year Project\CARLA_0.9.5\PythonAPI\examples\_out\img79398.png,0,0.000300271
D:\Final Year Project\CARLA_0.9.5\PythonAPI\examples\_out\img79399.png,0,0.000300271
D:\Final Year Project\CARLA_0.9.5\PythonAPI\examples\_out\img79400.png,0,0.000300271
D:\Final Year Project\CARLA_0.9.5\PythonAPI\examples\_out\img79401.png,0,0.000300271
D:\Final Year Project\CARLA_0.9.5\PythonAPI\examples\_out\img79408.png,0,0.000300271
D:\Final Year Project\CARLA_0.9.5\PythonAPI\examples\_out\img79413.png,0,0.000300271
D:\Final Year Project\CARLA_0.9.5\PythonAPI\examples\_out\img79415.png,0,0.000300271
D:\Final Year Project\CARLA_0.9.5\PythonAPI\examples\_out\img79416.png,0,0.000300271
D:\Final Year Project\CARLA_0.9.5\PythonAPI\examples\_out\img79417.png,0,0.000300271
D:\Final Year Project\CARLA_0.9.5\PythonAPI\examples\_out\img79419.png,0,0.000300271
D:\Final Year Project\CARLA_0.9.5\PythonAPI\examples\_out\img79421.png,0,0.000300271
D:\Final Year Project\CARLA_0.9.5\PythonAPI\examples\_out\img79424.png,0,0.000300271
D:\Final Year Project\CARLA_0.9.5\PythonAPI\examples\_out\img79428.png,0,0.000300271
D:\Final Year Project\CARLA_0.9.5\PythonAPI\examples\_out\img79433.png,0,0.000300271
D:\Final Year Project\CARLA_0.9.5\PythonAPI\examples\_out\img79434.png,0,0.000300271
D:\Final Year Project\CARLA_0.9.5\PythonAPI\examples\_out\img79435.png,0,0.000300271
D:\Final Year Project\CARLA_0.9.5\PythonAPI\examples\_out\img79458.png,0,0.000300271
D:\Final Year Project\CARLA_0.9.5\PythonAPI\examples\_out\img79459.png,0,0.000300271
D:\Final Year Project\CARLA_0.9.5\PythonAPI\examples\_out\img79460.png,0,0.000300271
D:\Final Year Project\CARLA_0.9.5\PythonAPI\examples\_out\img79461.png,0,0.000300271
D:\Final Year Project\CARLA_0.9.5\PythonAPI\examples\_out\img79464.png,0,0.000300271
D:\Final Year Project\CARLA_0.9.5\PythonAPI\examples\_out\img79465.png,0,0.000300271
D:\Final Year Project\CARLA_0.9.5\PythonAPI\examples\_out\img79468.png,0,0.000300271
D:\Final Year Project\CARLA_0.9.5\PythonAPI\examples\_out\img79477.png,0,0.000300271
D:\Final Year Project\CARLA_0.9.5\PythonAPI\examples\_out\img79478.png,0,0.000300271
D:\Final Year Project\CARLA_0.9.5\PythonAPI\examples\_out\img79479.png,0,0.000300271
D:\Final Year Project\CARLA_0.9.5\PythonAPI\examples\_out\img79480.png,0,0.000300271
D:\Final Year Project\CARLA_0.9.5\PythonAPI\examples\_out\img79485.png,0,0.000300271
D:\Final Year Project\CARLA_0.9.5\PythonAPI\examples\_out\img79487.png,0,0.000300271
D:\Final Year Project\CARLA_0.9.5\PythonAPI\examples\_out\img79488.png,0,0.000300271
D:\Final Year Project\CARLA_0.9.5\PythonAPI\examples\_out\img79493.png,0,0.000300271
D:\Final Year Project\CARLA_0.9.5\PythonAPI\examples\_out\img79500.png,0,0.000300271
D:\Final Year Project\CARLA_0.9.5\PythonAPI\examples\_out\img79502.png,0,0.000300271
D:\Final Year Project\CARLA_0.9.5\PythonAPI\examples\_out\img79503.png,0,0.000300271
D:\Final Year Project\CARLA_0.9.5\PythonAPI\examples\_out\img79505.png,0,0.000300271
D:\Final Year Project\CARLA_0.9.5\PythonAPI\examples\_out\img79506.png,0,0.000300271
D:\Final Year Project\CARLA_0.9.5\PythonAPI\examples\_out\img79509.png,0,0.000300271
D:\Final Year Project\CARLA_0.9.5\PythonAPI\examples\_out\img79514.png,0,0.000300271
D:\Final Year Project\CARLA_0.9.5\PythonAPI\examples\_out\img79515.png,0,0.000300271
D:\Final Year Project\CARLA_0.9.5\PythonAPI\examples\_out\img79516.png,0,0.000300271
D:\Final Year Project\CARLA_0.9.5\PythonAPI\examples\_out\img79517.png,0,0.000300271
D:\Final Year Project\CARLA_0.9.5\PythonAPI\examples\_out\img79518.png,0,0.000300271
D:\Final Year Project\CARLA_0.9.5\PythonAPI\examples\_out\img79519.png,0,0.000300271
D:\Final Year Project\CARLA_0.9.5\PythonAPI\examples\_out\img79520.png,0,0.000300271
D:\Final Year Project\CARLA_0.9.5\PythonAPI\examples\_out\img79521.png,0,0.000300271
D:\Final Year Project\CARLA_0.9.5\PythonAPI\examples\_out\img79524.png,0,0.000300271
D:\Final Year Project\CARLA_0.9.5\PythonAPI\examples\_out\img79527.png,0,0.000300271
D:\Final Year Project\CARLA_0.9.5\PythonAPI\examples\_out\img79532.png,0,0.000300271
D:\Final Year Project\CARLA_0.9.5\PythonAPI\examples\_out\img79535.png,0,0.000300271
D:\Final Year Project\CARLA_0.9.5\PythonAPI\examples\_out\img79538.png,0,0.000300271
D:\Final Year Project\CARLA_0.9.5\PythonAPI\examples\_out\img79539.png,0,0.000300271
D:\Final Year Project\CARLA_0.9.5\PythonAPI\examples\_out\img79540.png,0,0.000300271
D:\Final Year Project\CARLA_0.9.5\PythonAPI\examples\_out\img79541.png,0,0.000300271
D:\Final Year Project\CARLA_0.9.5\PythonAPI\examples\_out\img79542.png,0,0.000300271
D:\Final Year Project\CARLA_0.9.5\PythonAPI\examples\_out\img79544.png,0,0.000300271
D:\Final Year Project\CARLA_0.9.5\PythonAPI\examples\_out\img79547.png,0,0.000300271
D:\Final Year Project\CARLA_0.9.5\PythonAPI\examples\_out\img79551.png,0,0.000300271
D:\Final Year Project\CARLA_0.9.5\PythonAPI\examples\_out\img79562.png,0,0.000300271
D:\Final Year Project\CARLA_0.9.5\PythonAPI\examples\_out\img79563.png,0,0.000300271
D:\Final Year Project\CARLA_0.9.5\PythonAPI\examples\_out\img79566.png,0,0.000300271
D:\Final Year Project\CARLA_0.9.5\PythonAPI\examples\_out\img79570.png,0,0.000300271
D:\Final Year Project\CARLA_0.9.5\PythonAPI\examples\_out\img79571.png,0,0.000300271
D:\Final Year Project\CARLA_0.9.5\PythonAPI\examples\_out\img79574.png,0,0.000300271
D:\Final Year Project\CARLA_0.9.5\PythonAPI\examples\_out\img79575.png,0,0.000300271
D:\Final Year Project\CARLA_0.9.5\PythonAPI\examples\_out\img79578.png,0,0.000300271
D:\Final Year Project\CARLA_0.9.5\PythonAPI\examples\_out\img79598.png,0,0.000300271
D:\Final Year Project\CARLA_0.9.5\PythonAPI\examples\_out\img79599.png,0,0.000300271
D:\Final Year Project\CARLA_0.9.5\PythonAPI\examples\_out\img79600.png,0,0.000300271
D:\Final Year Project\CARLA_0.9.5\PythonAPI\examples\_out\img79603.png,0,0.000300271
D:\Final Year Project\CARLA_0.9.5\PythonAPI\examples\_out\img79604.png,0,0.000300271
D:\Final Year Project\CARLA_0.9.5\PythonAPI\examples\_out\img79605.png,0,0.000300271
D:\Final Year Project\CARLA_0.9.5\PythonAPI\examples\_out\img79606.png,0,0.000300271
D:\Final Year Project\CARLA_0.9.5\PythonAPI\examples\_out\img79607.png,0,0.000300271
D:\Final Year Project\CARLA_0.9.5\PythonAPI\examples\_out\img79610.png,0,0.000300271
D:\Final Year Project\CARLA_0.9.5\PythonAPI\examples\_out\img79614.png,0,0.000300271
D:\Final Year Project\CARLA_0.9.5\PythonAPI\examples\_out\img79615.png,0,0.000300271
D:\Final Year Project\CARLA_0.9.5\PythonAPI\examples\_out\img79616.png,0,0.000300271
D:\Final Year Project\CARLA_0.9.5\PythonAPI\examples\_out\img79619.png,0,0.000300271
D:\Final Year Project\CARLA_0.9.5\PythonAPI\examples\_out\img79625.png,0,0.000300271
D:\Final Year Project\CARLA_0.9.5\PythonAPI\examples\_out\img79626.png,0,0.000300271
D:\Final Year Project\CARLA_0.9.5\PythonAPI\examples\_out\img79627.png,0,0.000300271
D:\Final Year Project\CARLA_0.9.5\PythonAPI\examples\_out\img79630.png,0,0.000300271
D:\Final Year Project\CARLA_0.9.5\PythonAPI\examples\_out\img79633.png,0,0.000300271
D:\Final Year Project\CARLA_0.9.5\PythonAPI\examples\_out\img79634.png,0,0.000300271
D:\Final Year Project\CARLA_0.9.5\PythonAPI\examples\_out\img79635.png,0,0.000300271
D:\Final Year Project\CARLA_0.9.5\PythonAPI\examples\_out\img79636.png,1,0.000300271
D:\Final Year Project\CARLA_0.9.5\PythonAPI\examples\_out\img79642.png,1,0.000300271
D:\Final Year Project\CARLA_0.9.5\PythonAPI\examples\_out\img79643.png,1,0.000300271
D:\Final Year Project\CARLA_0.9.5\PythonAPI\examples\_out\img79644.png,1,0.000300271
D:\Final Year Project\CARLA_0.9.5\PythonAPI\examples\_out\img79647.png,1,0.000300271
D:\Final Year Project\CARLA_0.9.5\PythonAPI\examples\_out\img79648.png,1,0.000303432
D:\Final Year Project\CARLA_0.9.5\PythonAPI\examples\_out\img79649.png,1,0.000303432
D:\Final Year Project\CARLA_0.9.5\PythonAPI\examples\_out\img79650.png,1,0.000173405
D:\Final Year Project\CARLA_0.9.5\PythonAPI\examples\_out\img79651.png,1,0.000173405
D:\Final Year Project\CARLA_0.9.5\PythonAPI\examples\_out\img79662.png,1,0.000173405
D:\Final Year Project\CARLA_0.9.5\PythonAPI\examples\_out\img79663.png,1,0.000173405
D:\Final Year Project\CARLA_0.9.5\PythonAPI\examples\_out\img79664.png,1,0.000313568
D:\Final Year Project\CARLA_0.9.5\PythonAPI\examples\_out\img79665.png,1,3.48E-05
D:\Final Year Project\CARLA_0.9.5\PythonAPI\examples\_out\img79666.png,1,1.09E-07
D:\Final Year Project\CARLA_0.9.5\PythonAPI\examples\_out\img79667.png,1,1.09E-07
D:\Final Year Project\CARLA_0.9.5\PythonAPI\examples\_out\img79668.png,1,1.09E-07
D:\Final Year Project\CARLA_0.9.5\PythonAPI\examples\_out\img79669.png,1,-1.17E-05
D:\Final Year Project\CARLA_0.9.5\PythonAPI\examples\_out\img79670.png,1,-1.17E-05
D:\Final Year Project\CARLA_0.9.5\PythonAPI\examples\_out\img79671.png,1,-3.12E-05
D:\Final Year Project\CARLA_0.9.5\PythonAPI\examples\_out\img79672.png,1,-8.95E-05
D:\Final Year Project\CARLA_0.9.5\PythonAPI\examples\_out\img79673.png,0.5,-9.97E-05
D:\Final Year Project\CARLA_0.9.5\PythonAPI\examples\_out\img79674.png,0.5,-9.95E-05
D:\Final Year Project\CARLA_0.9.5\PythonAPI\examples\_out\img79681.png,0.5,-7.64E-05
D:\Final Year Project\CARLA_0.9.5\PythonAPI\examples\_out\img79682.png,0.5,6.01E-05
D:\Final Year Project\CARLA_0.9.5\PythonAPI\examples\_out\img79683.png,0.5,5.99E-05
D:\Final Year Project\CARLA_0.9.5\PythonAPI\examples\_out\img79684.png,0.5,5.99E-05
D:\Final Year Project\CARLA_0.9.5\PythonAPI\examples\_out\img79685.png,0.5,5.99E-05
D:\Final Year Project\CARLA_0.9.5\PythonAPI\examples\_out\img79686.png,0.5,5.99E-05
D:\Final Year Project\CARLA_0.9.5\PythonAPI\examples\_out\img79687.png,0.5,5.99E-05
D:\Final Year Project\CARLA_0.9.5\PythonAPI\examples\_out\img79688.png,0.5,-1.66E-05
D:\Final Year Project\CARLA_0.9.5\PythonAPI\examples\_out\img79689.png,0.5,-7.08E-05
D:\Final Year Project\CARLA_0.9.5\PythonAPI\examples\_out\img79690.png,0.5,-0.097204372
D:\Final Year Project\CARLA_0.9.5\PythonAPI\examples\_out\img79692.png,0.5,-0.090589575
D:\Final Year Project\CARLA_0.9.5\PythonAPI\examples\_out\img79700.png,0.5,-0.08432094
D:\Final Year Project\CARLA_0.9.5\PythonAPI\examples\_out\img79703.png,0.5,-0.245009065
D:\Final Year Project\CARLA_0.9.5\PythonAPI\examples\_out\img79704.png,0.5,-0.206484869
D:\Final Year Project\CARLA_0.9.5\PythonAPI\examples\_out\img79705.png,0.5,-0.354794323
D:\Final Year Project\CARLA_0.9.5\PythonAPI\examples\_out\img79706.png,0.5,-0.348482609
D:\Final Year Project\CARLA_0.9.5\PythonAPI\examples\_out\img79707.png,0.5,-0.322564602
D:\Final Year Project\CARLA_0.9.5\PythonAPI\examples\_out\img79708.png,0.5,-0.322564602
D:\Final Year Project\CARLA_0.9.5\PythonAPI\examples\_out\img79709.png,0.5,-0.258228749
D:\Final Year Project\CARLA_0.9.5\PythonAPI\examples\_out\img79710.png,0.5,-0.429330438
D:\Final Year Project\CARLA_0.9.5\PythonAPI\examples\_out\img79711.png,1,-0.372398704
D:\Final Year Project\CARLA_0.9.5\PythonAPI\examples\_out\img79712.png,0.5,-0.352869958
D:\Final Year Project\CARLA_0.9.5\PythonAPI\examples\_out\img79714.png,0.5,-0.27008307
D:\Final Year Project\CARLA_0.9.5\PythonAPI\examples\_out\img79718.png,0.5,-0.377240002
D:\Final Year Project\CARLA_0.9.5\PythonAPI\examples\_out\img79724.png,0.5,-0.347663224
D:\Final Year Project\CARLA_0.9.5\PythonAPI\examples\_out\img79725.png,0.5,-0.295010149
D:\Final Year Project\CARLA_0.9.5\PythonAPI\examples\_out\img79726.png,0.5,-0.283003002
D:\Final Year Project\CARLA_0.9.5\PythonAPI\examples\_out\img79727.png,0.5,-0.268775076
D:\Final Year Project\CARLA_0.9.5\PythonAPI\examples\_out\img79731.png,0.5,-0.252154112
D:\Final Year Project\CARLA_0.9.5\PythonAPI\examples\_out\img79732.png,0.5,-0.237938583
D:\Final Year Project\CARLA_0.9.5\PythonAPI\examples\_out\img79736.png,0.5,-0.215813771
D:\Final Year Project\CARLA_0.9.5\PythonAPI\examples\_out\img79737.png,0.5,-0.200347245
D:\Final Year Project\CARLA_0.9.5\PythonAPI\examples\_out\img79741.png,0.5,-0.177953005
D:\Final Year Project\CARLA_0.9.5\PythonAPI\examples\_out\img79742.png,0.5,-0.157290652
D:\Final Year Project\CARLA_0.9.5\PythonAPI\examples\_out\img79743.png,1,-0.171997726
D:\Final Year Project\CARLA_0.9.5\PythonAPI\examples\_out\img79752.png,1,-0.158190489
D:\Final Year Project\CARLA_0.9.5\PythonAPI\examples\_out\img79753.png,1,-0.158190489
D:\Final Year Project\CARLA_0.9.5\PythonAPI\examples\_out\img79754.png,0.5,-0.147324696
D:\Final Year Project\CARLA_0.9.5\PythonAPI\examples\_out\img79755.png,0.5,-0.125407621
D:\Final Year Project\CARLA_0.9.5\PythonAPI\examples\_out\img79758.png,0.5,-0.112410188
D:\Final Year Project\CARLA_0.9.5\PythonAPI\examples\_out\img79763.png,0.5,0
D:\Final Year Project\CARLA_0.9.5\PythonAPI\examples\_out\img79764.png,0.5,-0.1590489
D:\Final Year Project\CARLA_0.9.5\PythonAPI\examples\_out\img79769.png,0.5,-0.159046277
D:\Final Year Project\CARLA_0.9.5\PythonAPI\examples\_out\img79770.png,0.5,-0.159046277
D:\Final Year Project\CARLA_0.9.5\PythonAPI\examples\_out\img79771.png,0.5,-0.153111055
D:\Final Year Project\CARLA_0.9.5\PythonAPI\examples\_out\img79773.png,0.5,-0.119458005
D:\Final Year Project\CARLA_0.9.5\PythonAPI\examples\_out\img79774.png,0.5,-0.08565674
D:\Final Year Project\CARLA_0.9.5\PythonAPI\examples\_out\img79777.png,0.5,-0.074426271
D:\Final Year Project\CARLA_0.9.5\PythonAPI\examples\_out\img79779.png,0.5,-0.039681572
D:\Final Year Project\CARLA_0.9.5\PythonAPI\examples\_out\img79781.png,0.5,-0.034798324
D:\Final Year Project\CARLA_0.9.5\PythonAPI\examples\_out\img79782.png,1,-0.032380022
D:\Final Year Project\CARLA_0.9.5\PythonAPI\examples\_out\img79783.png,1,-0.02384818
D:\Final Year Project\CARLA_0.9.5\PythonAPI\examples\_out\img79784.png,1,-0.021805681
D:\Final Year Project\CARLA_0.9.5\PythonAPI\examples\_out\img79786.png,0.5,-0.018580409
